,Type,Symbol,Description,Close,LastWaveStart,LastwaveEnd,LastWavePeriod,LastWaveValueGain,CurrentWaveStart,CurrentPeriod,CurrentValueGain,TRelative,GainRelative,Congruence,P,DeltaN,YieldEst,GainPerDayCurrent,GainPerDayEstimated,Boll-2MA,MA2Boll+
0,bdr,NVDC34.SA,NVIDIA CORP DRN,26.69,2021-03-10,2021-11-25,260 days,102.84,2022-01-21,3 days,-1.93,1.15,-1.88,3.03,-0.92,257,104.77,-64.39,40.77,True,False
1,bdr,SSFO34.SA,SALESFORCE  DRN,56.3,2021-05-19,2021-11-04,169 days,43.46,2022-01-21,3 days,1.6,1.78,3.68,1.9,4.08,166,41.86,53.25,25.22,True,False
2,bdr,MSFT34.SA,MICROSOFT   DRN,67.94,2020-12-10,2021-12-29,384 days,62.61,2022-01-21,3 days,-1.07,0.78,-1.71,2.49,-1.15,381,63.68,-35.74,16.71,True,False
3,bdr,CMCS34.SA,COMCAST     DRN,55.0,2021-06-24,2021-09-06,74 days,16.92,2021-12-09,46 days,1.95,62.16,11.53,50.63,0.23,28,14.97,4.24,53.46,True,False
4,bdr,BERK34.SA,BERKSHIRE   DRN,84.0,2021-06-30,2022-01-10,194 days,29.65,2021-09-22,124 days,15.53,63.92,52.39,11.53,4.97,70,14.12,12.53,20.17,True,False
5,bdr,B1NT34.SA,BIONTECH SE DRN,105.0,2021-10-06,2021-11-29,54 days,45.0,2022-01-21,3 days,-0.76,5.56,-1.7,7.25,-0.27,51,45.76,-25.45,89.73,True,False
6,bdr,TSLA34.SA,TESLA INC   DRN,159.01,2021-06-04,2021-11-04,153 days,84.43,2022-01-24,0 days,-0.7,0.0,-0.83,0.83,-4.83,153,85.13,-inf,55.64,True,False
7,bdr,PFIZ34.SA,PFIZER      DRN,71.48,2021-10-15,2021-12-20,66 days,46.21,2022-01-24,0 days,-1.09,0.0,-2.37,2.37,-1.73,66,47.3,-inf,71.67,True,False
8,bdr,UNHH34.SA,UNITEDHEALTHDRN,72.75,2021-06-24,2021-12-29,188 days,41.1,2022-01-19,5 days,-1.44,2.66,-3.5,6.16,-0.68,183,42.54,-28.75,23.25,True,False
9,bdr,CHCM34.SA,CHARTER COMMDRN,52.7,2021-06-16,2021-08-23,68 days,26.5,2022-01-21,3 days,1.51,4.41,5.69,1.28,20.45,65,24.99,50.26,38.45,True,False
10,bdr,EXXO34.SA,EXXON MOBIL DRN,100.29,2020-11-06,2022-01-18,438 days,91.05,2021-09-01,145 days,37.89,33.11,41.62,8.51,5.54,293,53.16,26.13,18.14,False,True
11,bdr,U1BE34.SA,UBER TECH INDRN,49.81,2021-09-15,2021-10-08,23 days,26.01,2022-01-21,3 days,-3.75,13.04,-14.43,27.47,-0.55,20,29.77,-125.13,148.83,True,False
12,bdr,GOGL34.SA,ALPHABET    DRN A,95.77,2021-05-18,2021-12-23,219 days,34.72,2022-01-21,3 days,-0.64,1.37,-1.84,3.21,-0.83,216,35.36,-21.35,16.37,True,False
13,bdr,FBOK34.SA,META PLAT   DRN,60.19,2021-01-14,2021-09-08,237 days,42.81,2022-01-21,3 days,-1.92,1.27,-4.49,5.76,-0.94,234,44.73,-64.14,19.12,True,False
14,bdr,N1DA34.SA,NASDAQ INC  DRN,481.0,2020-12-15,2021-10-29,318 days,68.22,2022-01-24,0 days,-0.82,0.0,-1.21,1.21,-5.78,318,69.04,-inf,21.71,True,False
15,bdr,AAPL34.SA,APPLE       DRN,88.75,2021-10-04,2022-01-03,91 days,31.46,2022-01-24,0 days,-0.24,0.0,-0.75,0.75,-3.01,91,31.69,-inf,34.83,True,False
16,bdr,COCA34.SA,COCA COLA   DRN,54.7,2021-06-29,2022-01-05,190 days,29.39,2021-10-01,115 days,14.9,60.53,50.72,9.81,5.76,75,14.48,12.96,19.31,True,False
17,bdr,ULEV34.SA,UNILEVER    DRN,295.07,2021-09-17,2022-01-05,110 days,8.33,2022-01-21,3 days,9.9,2.73,118.85,116.12,1.03,107,-1.57,330.05,-1.47,False,True
18,bdr,DISB34.SA,WALT DISNEY DRN,50.19,2021-08-10,2021-10-07,58 days,6.94,2022-01-21,3 days,-5.8,5.17,-83.58,88.76,-0.95,55,12.74,-193.38,23.17,False,False
19,bdr,BIDU34.SA,BAIDU INC   DRN,812.7,2021-08-19,2021-10-21,63 days,29.89,2021-12-03,52 days,-1.33,82.54,-4.45,86.99,-0.05,11,31.22,-2.56,283.83,True,False
20,bdr,AMZO34.SA,AMAZON      DRN,101.24,2021-08-17,2021-11-19,94 days,18.3,2022-01-21,3 days,-3.52,3.19,-19.21,22.4,-0.9,91,21.81,-117.17,23.97,False,False
21,bdr,NFLX34.SA,NETFLIX     DRN,42.1,2021-06-10,2021-10-29,141 days,47.56,2022-01-24,0 days,-2.77,0.0,-5.83,5.83,-1.21,141,50.33,-inf,35.69,False,False
22,bdr,BKNG34.SA,BOOKING     DRN,73.7,2021-06-29,2021-11-08,132 days,31.35,2022-01-21,3 days,-2.31,2.27,-7.36,9.64,-0.85,129,33.66,-76.96,26.1,True,False
23,bdr,M1RN34.SA,MODERNA INC DRN,87.29,2021-11-19,2021-11-29,10 days,42.04,2022-01-21,3 days,-4.21,30.0,-10.02,40.02,-0.26,7,46.26,-140.46,660.81,True,False
24,bdr,MELI34.SA,MERCADOLIBREDRN,46.6,2021-06-08,2021-09-08,92 days,43.29,2022-01-24,0 days,-2.9,0.0,-6.69,6.69,-1.18,92,46.19,-inf,50.2,True,False
25,bdr,TEXA34.SA,TEXAS INC   DRN,65.08,2021-06-23,2021-10-21,120 days,22.52,2022-01-20,4 days,0.11,3.33,0.51,2.82,0.28,116,22.41,2.86,19.32,True,False
26,bdr,JNJB34.SA,JOHNSON     DRN,59.53,2021-09-22,2022-01-05,105 days,14.22,2022-01-24,0 days,-1.03,0.0,-7.25,7.25,-1.16,105,15.25,-inf,14.52,True,False
27,bdr,FCXO34.SA,FREEPORT    DRN,219.68,2021-06-29,2022-01-13,198 days,37.69,2021-12-16,39 days,5.14,19.7,13.63,6.07,2.69,159,32.56,13.17,20.48,False,False
28,bdr,A1MD34.SA,ADVANCED MICDRN,634.98,2021-09-29,2021-11-29,61 days,52.66,2022-01-24,0 days,-2.31,0.0,-4.39,4.39,-1.3,61,54.97,-inf,90.12,True,False
29,bdr,COTY34.SA,COTY INC    DRN,23.03,2021-08-17,2022-01-04,140 days,40.89,2022-01-21,3 days,-0.99,2.14,-2.42,4.56,-0.68,137,41.88,-32.96,30.57,True,False
30,bdr,FDXB34.SA,FEDEX CORP  DRN,1326.6,2021-10-04,2022-01-05,93 days,23.74,2022-01-24,0 days,-3.07,0.0,-12.94,12.94,-1.08,93,26.81,-inf,28.83,False,False
31,bdr,UPSS34.SA,UPS         DRN,68.9,2021-12-01,2022-01-04,34 days,9.5,2022-01-24,0 days,-0.01,0.0,-0.15,0.15,-0.18,34,9.52,-inf,27.99,True,False
32,bdr,COWC34.SA,COSTCO      DRN,67.04,2021-03-18,2021-12-29,286 days,59.52,2022-01-21,3 days,1.67,1.05,2.81,1.76,3.71,283,57.85,55.68,20.44,True,False
33,bdr,UPAC34.SA,UNIONPACIFICDRN,345.44,2021-10-01,2022-01-05,96 days,30.31,2022-01-24,0 days,0.0,0.0,0.0,0.0,0.0,96,30.31,,31.57,True,False
34,bdr,CSXC34.SA,CSX CORP    DRN,93.73,2021-10-13,2022-01-07,86 days,16.67,2022-01-21,3 days,-2.97,3.49,-17.82,21.31,-0.88,83,19.64,-99.03,23.67,False,False
35,bdr,N1SC34.SA,NORFOLK SOUTDRN,374.02,2021-06-22,2021-12-29,190 days,21.95,2022-01-24,0 days,-2.37,0.0,-10.8,10.8,-1.1,190,24.32,-inf,12.8,True,False
36,bdr,CSCO34.SA,CISCO       DRN,62.52,2020-11-06,2021-12-29,418 days,64.09,2022-01-21,3 days,-1.2,0.72,-1.87,2.59,-1.18,415,65.29,-40.04,15.73,True,False
37,bdr,MCDC34.SA,MCDONALDS   DRN,69.52,2020-12-11,2021-12-29,383 days,42.53,2022-01-20,4 days,-0.24,1.04,-0.56,1.61,-0.93,379,42.77,-5.98,11.28,True,False
38,bdr,WALM34.SA,WAL MART    DRN,48.15,2021-10-04,2021-11-01,28 days,14.31,2022-01-21,3 days,-0.39,10.71,-2.73,13.44,-0.22,25,14.7,-13.02,58.79,True,False
39,bdr,S2HO34.SA,SHOPIFY INC DRN,43.04,2021-10-04,2021-11-19,46 days,28.98,2022-01-21,3 days,-7.22,6.52,-24.9,31.42,-0.82,43,36.19,-240.51,84.16,True,False
40,bdr,EBAY34.SA,EBAY        DRN,161.62,2021-08-17,2021-10-22,66 days,14.19,2022-01-24,0 days,-0.87,0.0,-6.14,6.14,-1.19,66,15.07,-inf,22.83,True,False
41,bdr,AVGO34.SA,BROADCOM INCDRN,84.91,2021-06-24,2021-12-23,182 days,87.41,2022-01-21,3 days,-1.36,1.65,-1.55,3.2,-0.71,179,88.77,-45.19,49.59,True,False
42,bdr,VERZ34.SA,VERIZON     DRN,48.61,2021-08-03,2022-01-05,155 days,9.47,2021-12-08,47 days,3.46,30.32,36.51,6.18,7.04,108,6.01,7.35,5.57,True,False
43,bdr,P2IN34.SA,PINTERESTINCDRN,26.7,2021-10-11,2021-10-20,9 days,22.25,2022-01-21,3 days,-9.77,33.33,-43.9,77.23,-0.58,6,32.02,-325.56,533.62,True,False
44,bdr,ARMT34.SA,ARCELOR     DRN,83.35,2021-09-21,2022-01-13,114 days,30.55,2021-11-30,55 days,8.74,48.25,28.61,19.64,1.54,59,21.81,15.89,36.97,False,False
45,bdr,VRTX34.SA,VERTEX PHARMDRN,311.55,2021-06-22,2022-01-17,209 days,32.18,2021-10-04,112 days,25.94,53.59,80.6,27.01,3.1,97,6.24,23.16,6.44,True,False
46,bdr,FDMO34.SA,FORD MOTORS DRN,112.16,2021-05-12,2022-01-13,246 days,91.01,2022-01-24,0 days,0.58,0.0,0.64,0.64,1.78,246,90.43,inf,36.76,True,False
47,bdr,CATP34.SA,CATERPILLAR DRN,73.16,2021-09-21,2022-01-17,118 days,27.28,2021-12-01,54 days,4.53,45.76,16.61,29.15,0.59,64,22.75,8.39,35.54,True,False
48,bdr,ABUD34.SA,AB INBEV    DRN,58.2,2021-09-15,2022-01-17,124 days,24.0,2021-11-30,55 days,8.53,44.35,35.53,8.82,4.54,69,15.47,15.51,22.43,True,False
49,bdr,WFCO34.SA,WELLS FARGO DRN,73.52,2021-06-18,2022-01-17,213 days,44.93,2021-09-01,145 days,25.35,68.08,56.42,11.66,5.29,68,19.58,17.48,28.8,True,False
50,cambio,USDBRL=X,USD/BRL,5.5,2021-09-10,2021-12-22,103 days,7.94,2022-01-24,1 days,1.5,0.97,18.86,17.88,1.12,102,6.44,149.68,6.31,True,False
51,cambio,EURBRL=X,EUR/BRL,6.22,2021-11-16,2021-12-22,36 days,3.74,2022-01-24,1 days,1.44,2.78,38.57,35.79,1.11,35,2.3,144.32,6.57,True,False
52,cambio,EURUSD=X,EUR/USD,1.13,2021-08-20,2021-09-07,18 days,1.46,2021-11-25,60 days,0.88,333.33,60.36,272.97,0.22,-42,0.58,1.47,-1.38,True,False
53,cripto,BTC-USD,Bitcoin USD,36393.77,2021-09-21,2021-11-08,48 days,48.66,2022-01-25,0 days,-0.71,0.0,-1.46,1.46,-3.17,48,49.37,-inf,102.85,True,False
54,cripto,LTC-USD,Litecoin USD,108.42,2021-09-28,2021-11-14,47 days,69.78,2022-01-25,0 days,-1.07,0.0,-1.54,1.54,-2.86,47,70.86,-inf,150.76,True,False
55,cripto,ETH-USD,Ethereum USD,2423.67,2021-09-21,2021-11-08,48 days,52.66,2022-01-25,0 days,-0.68,0.0,-1.3,1.3,-4.35,48,53.34,-inf,111.14,True,False
56,cripto,CET-USD,CoinExToken USD,0.05,2021-09-30,2021-11-11,42 days,83.65,2022-01-25,0 days,0.21,0.0,0.25,0.25,0.33,42,83.44,inf,198.66,True,False
57,cripto,SOL-USD,Solana USD,91.65,2021-12-14,2021-12-27,13 days,24.73,2022-01-24,0 days,-7.96,0.0,-32.19,32.19,-1.03,13,32.7,-inf,251.5,False,False
58,cripto,EGLD-USD,Elrond USD,136.08,2021-07-22,2021-11-22,123 days,210.72,2022-01-22,3 days,-0.45,2.44,-0.21,2.65,-0.13,120,211.17,-15.03,175.98,True,False
59,cripto,FTM-USD,Fantom USD,2.36,2021-07-20,2022-01-16,180 days,371.29,2021-12-14,42 days,77.44,23.33,20.86,2.48,14.13,138,293.85,184.39,212.93,True,False
60,cripto,DOT-USD,Polkadot USD,18.04,2021-07-20,2021-11-04,107 days,178.63,2022-01-24,0 days,-4.21,0.0,-2.35,2.35,-1.74,107,182.84,-inf,170.88,True,False
61,cripto,ADA-USD,Cardano USD,1.04,2021-12-10,2022-01-17,38 days,27.1,2022-01-25,0 days,-2.58,0.0,-9.5,9.5,-1.12,38,29.67,-inf,78.09,True,False
62,cripto,MATIC-USD,MaticNetwork USD,1.47,2021-11-18,2021-12-26,38 days,67.59,2022-01-25,0 days,-2.46,0.0,-3.65,3.65,-1.38,38,70.05,-inf,184.34,True,False
63,cripto,LUNA1-USD,Terra USD,65.25,2021-10-19,2021-12-26,68 days,118.15,2022-01-22,3 days,1.48,4.41,1.25,3.16,0.58,65,116.67,49.29,179.49,True,False
64,cripto,AR-USD,Arweave USD,32.73,2021-12-13,2022-01-01,19 days,51.37,2022-01-25,0 days,-1.59,0.0,-3.09,3.09,-1.48,19,52.95,-inf,278.7,True,False
65,cripto,LINK-USD,Chainlink USD,15.31,2021-09-21,2021-11-11,51 days,45.99,2022-01-25,0 days,-1.77,0.0,-3.86,3.86,-1.35,51,47.77,-inf,93.66,True,False
66,cripto,CRO-USD,CryptocomCoin USD,0.38,2021-09-30,2021-11-23,54 days,200.97,2022-01-22,3 days,4.98,5.56,2.48,3.08,1.19,51,195.99,166.12,384.29,True,False
67,cripto,HNT-USD,Helium USD,22.58,2021-12-15,2022-01-04,20 days,43.28,2022-01-22,2 days,-6.21,10.0,-14.36,24.36,-0.61,18,49.49,-310.74,274.96,True,False
68,cripto,ATOM-USD,Cosmos USD,35.91,2021-10-18,2022-01-16,90 days,50.87,2021-12-17,38 days,62.85,42.22,123.56,81.34,1.54,52,-11.98,165.4,-23.05,True,False
69,cripto,BNB-USD,BinanceCoin USD,372.94,2021-09-28,2021-11-08,41 days,70.29,2022-01-22,3 days,-2.38,7.32,-3.38,10.7,-0.35,38,72.66,-79.19,191.22,True,False
70,cripto,ALGO-USD,Algorand USD,0.9,2021-07-21,2021-09-12,53 days,145.02,2022-01-25,0 days,-34.91,0.0,-24.07,24.07,-1.04,53,179.93,-inf,339.49,False,False
71,cripto,AVAX-USD,Avalanche USD,64.62,2021-12-13,2022-01-01,19 days,30.74,2022-01-25,0 days,2.77,0.0,9.02,9.02,1.12,19,27.97,inf,147.2,True,False
72,cripto,FIL-USD,FilecoinFutures USD,18.24,2021-07-20,2021-09-05,47 days,102.27,2022-01-25,0 days,-0.94,0.0,-0.92,0.92,-11.7,47,103.21,-inf,219.6,True,False
73,cripto,AXS-USD,AxieInfinity USD,51.39,2021-09-21,2021-11-07,47 days,127.53,2022-01-22,3 days,-10.71,6.38,-8.4,14.78,-0.61,44,138.24,-357.1,314.19,True,False
74,cripto,MANA-USD,Decentraland USD,2.1,2021-09-28,2021-11-25,58 days,299.76,2022-01-25,0 days,0.88,0.0,0.29,0.29,0.41,58,298.88,inf,515.31,True,False
75,cripto,THETA-USD,THETA USD,2.65,2021-12-14,2021-12-27,13 days,36.05,2022-01-25,0 days,2.37,0.0,6.59,6.59,1.18,13,33.68,inf,259.07,True,False
76,fii,KNRI11.SA,FII KINEA   CI,135.01,2021-08-23,2021-09-27,35 days,10.95,2021-11-30,55 days,5.83,157.14,53.26,103.88,0.52,-20,5.12,10.6,-25.58,True,False
77,fii,HGRE11.SA,FII HG REAL CI,136.3,2021-06-02,2021-07-23,51 days,12.77,2021-11-23,62 days,17.52,121.57,137.22,15.65,9.36,-11,-4.75,28.26,43.21,False,True
78,fii,RBVO11.SA,FII RIOBCRI2CI,12.33,2021-05-03,2021-10-15,165 days,31.52,2022-01-24,0 days,-1.28,0.0,-4.06,4.06,-1.33,165,32.8,-inf,19.88,True,False
79,fii,HGLG11.SA,FII CSHG LOGCI,172.46,2021-09-03,2022-01-20,139 days,7.76,2021-11-24,61 days,9.38,43.88,120.84,76.96,1.59,78,-1.62,15.37,-2.07,False,True
80,fii,NPAR11.SA,FII NESTPAR CI,12.44,2021-08-30,2021-10-29,60 days,7.44,2021-12-02,53 days,8.8,88.33,118.4,30.07,4.07,7,-1.37,16.61,-19.55,True,False
81,fii,PPLA11.SA,PPLA        UNT,5.91,2021-03-10,2021-04-01,22 days,20.01,2022-01-10,14 days,0.07,63.64,0.33,63.31,0.01,8,19.95,0.47,249.34,True,False
82,fii,IRDM11.SA,FII IRIDIUM CI,109.63,2021-10-04,2021-10-11,7 days,3.41,2021-12-17,38 days,8.27,542.86,242.73,300.12,0.81,-31,-4.86,21.75,15.68,False,True
83,fii,BCRI11.SA,FII BEES CRICI,110.48,2021-09-08,2022-01-24,138 days,2.37,2021-12-02,53 days,7.91,38.41,334.07,295.66,1.13,85,-5.54,14.93,-6.52,False,False
84,fii,MFII11.SA,FII MERITO ICI,109.35,2021-08-24,2021-09-30,37 days,2.29,2021-11-24,61 days,7.21,164.86,315.16,150.29,2.11,-24,-4.92,11.82,20.51,False,True
85,fii,VRTA11.SA,FII FATOR VECI,105.4,2021-07-02,2021-07-30,28 days,5.17,2021-12-02,53 days,6.77,189.29,131.1,58.18,2.29,-25,-1.61,12.78,6.43,False,True
86,fii,SARE11.SA,FII SANT RENCI,70.5,2021-09-23,2021-10-18,25 days,9.5,2021-11-30,55 days,11.88,220.0,124.98,95.02,1.33,-30,-2.37,21.6,7.91,False,True
87,fii,HABT11.SA,FII HABIT IICI,111.0,2021-10-08,2021-10-29,21 days,6.68,2021-12-15,40 days,5.56,190.48,83.23,107.24,0.78,-19,1.12,13.9,-5.9,False,True
88,fii,HSML11.SA,FII HSI MALLCI,77.21,2021-03-25,2021-06-21,88 days,6.43,2022-01-24,0 days,-1.32,0.0,-20.46,20.46,-1.05,88,7.75,-inf,8.81,True,False
89,fii,RBRF11.SA,FII RBRALPHACI,75.45,2021-09-28,2021-10-15,17 days,6.15,2021-11-22,63 days,10.95,370.59,178.02,192.57,0.93,-46,-4.8,17.38,10.43,True,False
90,fii,BRCO11.SA,FII BRESCO  CI,97.99,2021-07-06,2021-07-19,13 days,5.93,2021-11-26,59 days,15.44,453.85,260.11,193.74,1.35,-46,-9.5,26.16,20.66,True,False
91,fii,XPLG11.SA,FII XP LOG  CI,100.96,2021-06-25,2021-07-20,25 days,5.59,2021-12-01,54 days,11.01,216.0,196.87,19.13,10.86,-29,-5.42,20.39,18.68,False,True
92,fii,MALL11.SA,FII MALLS BPCI,96.47,2021-08-17,2022-01-21,157 days,6.99,2021-11-24,61 days,15.39,38.85,220.22,181.36,1.22,96,-8.4,25.22,-8.75,False,True
93,fii,JSRE11.SA,FII JS REAL CI,77.65,2021-11-23,2021-12-30,37 days,18.61,2022-01-24,0 days,-0.96,0.0,-5.14,5.14,-1.24,37,19.56,-inf,52.88,False,False
94,fii,MGFF11.SA,FII MOGNO   CI,67.0,2021-10-08,2021-10-15,7 days,4.64,2021-11-24,61 days,12.5,871.43,269.16,602.26,0.45,-54,-7.86,20.49,14.55,False,True
95,fii,XPSF11.SA,FII XP SELECCI,79.7,2021-06-28,2021-07-30,32 days,2.71,2021-11-24,61 days,12.94,190.62,477.57,286.94,1.67,-29,-10.23,21.22,35.28,True,False
96,fii,BTLG11.SA,FII BTLG    CI,105.8,2021-09-16,2021-10-15,29 days,2.31,2021-11-25,60 days,7.88,206.9,341.12,134.22,2.56,-31,-5.57,13.13,17.97,False,True
97,fii,RECR11.SA,FII REC RECECI,102.99,2021-08-17,2021-09-02,16 days,2.85,2021-11-24,61 days,6.18,381.25,217.02,164.23,1.33,-45,-3.33,10.13,7.4,False,True
98,fii,KNIP11.SA,FII KINEA IPCI,104.2,2021-07-01,2021-07-30,29 days,2.92,2021-11-09,76 days,4.0,262.07,136.82,125.25,1.1,-47,-1.08,5.26,2.29,False,True
99,fii,HGCR11.SA,FII CSHG CRICI,107.38,2021-06-28,2021-10-01,95 days,6.04,2021-11-26,59 days,6.7,62.11,110.96,48.86,2.32,36,-0.66,11.36,-1.84,False,True
100,index,^BVSP,IBOVESPA,107752.0,2021-03-08,2021-06-07,91 days,13.09,2022-01-05,19 days,4.11,20.88,31.42,10.54,3.29,72,8.98,21.64,12.47,False,True
101,index,^IXIC,NASDAQ Composite,13855.13,2021-05-19,2021-11-19,184 days,19.22,2022-01-21,3 days,-2.09,1.63,-10.9,12.53,-0.95,181,21.31,-69.82,11.78,True,False
102,index,^GSPC,S&P 500,4410.13,2020-11-03,2022-01-03,426 days,38.11,2022-01-21,3 days,-1.61,0.7,-4.24,4.94,-1.08,423,39.72,-53.81,9.39,False,False
103,index,^DJI,Dow Jones Industrial Average,34364.5,2021-09-30,2022-01-04,96 days,7.01,2022-01-21,3 days,-1.01,3.12,-14.36,17.48,-0.87,93,8.02,-33.57,8.62,False,False
104,index,^MERV,MERVAL,81004.41,2021-07-19,2021-11-08,112 days,43.62,2021-11-29,56 days,1.58,50.0,3.62,46.38,0.08,56,42.04,2.82,75.07,False,False
105,index,^NYA,NYSE COMPOSITE (DJ),16413.97,2021-09-30,2022-01-12,104 days,6.25,2022-01-21,3 days,-1.5,2.88,-23.97,26.86,-0.93,101,7.74,-49.91,7.67,False,False
106,index,^XAX,NYSE AMEX COMPOSITE INDEX,3496.55,2020-10-01,2022-01-12,468 days,67.96,2021-08-19,158 days,18.65,33.76,27.45,6.31,5.17,310,49.31,11.81,15.91,True,False
107,index,^BUK100P,Cboe UK 100,726.0,2021-02-26,2022-01-17,325 days,13.73,2021-09-20,126 days,5.29,38.77,38.49,0.28,53.62,199,8.45,4.19,4.24,False,False
108,index,^RUT,Russell 2000,2033.51,2021-08-19,2021-11-08,81 days,12.75,2022-01-21,3 days,0.51,3.7,3.99,0.29,5.6,78,12.24,16.96,15.69,True,False
109,index,^VIX,CBOE Volatility Index,29.9,2021-11-03,2021-12-01,28 days,83.59,2022-01-03,21 days,60.86,75.0,72.81,2.19,60.98,7,22.73,289.79,324.72,False,False
110,index,^FTSE,FTSE 100,7297.2,2021-09-21,2022-01-17,118 days,10.01,2021-11-30,55 days,2.75,46.61,27.44,19.17,1.51,63,7.26,4.99,11.53,False,False
111,index,^GDAXI,DAX PERFORMANCE-INDEX,15011.13,2021-10-06,2022-01-05,91 days,7.18,2022-01-24,0 days,-3.8,0.0,-52.9,52.9,-1.02,91,10.98,-inf,12.06,False,False
112,index,^FCHI,CAC 40,6787.79,2021-01-29,2022-01-05,341 days,30.13,2022-01-24,0 days,-3.97,0.0,-13.19,13.19,-1.08,341,34.1,-inf,10.0,False,False
113,index,^STOXX50E,ESTX 50 PR.EUR,4054.36,2020-11-03,2021-11-16,378 days,38.88,2022-01-24,0 days,-4.14,0.0,-10.65,10.65,-1.1,378,43.02,-inf,11.38,False,False
114,index,^N100,Euronext 100 Index,1282.86,2020-11-02,2022-01-05,429 days,41.25,2022-01-24,0 days,-3.91,0.0,-9.48,9.48,-1.12,429,45.16,-inf,10.53,False,False
115,index,^BFX,BEL 20,3993.65,2021-12-14,2022-01-04,21 days,5.13,2022-01-24,0 days,-3.74,0.0,-72.93,72.93,-1.01,21,8.87,-inf,42.22,False,False
116,index,IMOEX.ME,MOEX Russia Index,3235.28,2021-12-13,2022-01-04,22 days,3.17,2022-01-24,0 days,-5.93,0.0,-186.91,186.91,-1.01,22,9.1,-inf,41.38,False,False
117,index,^N225,Nikkei 225,27588.37,2021-10-13,2021-11-16,34 days,5.56,2022-01-19,5 days,-2.35,14.71,-42.15,56.86,-0.75,29,7.91,-46.9,27.27,True,False
118,index,^HSI,HANG SENG INDEX,24656.46,2021-10-06,2021-10-20,14 days,8.2,2022-01-05,19 days,5.85,135.71,71.28,64.43,1.12,-5,2.36,30.78,-47.11,False,True
119,index,000001.SS,SSE Composite Index,3524.11,2021-07-30,2021-09-13,45 days,8.65,2021-11-05,80 days,0.03,177.78,0.4,177.37,0.0,-35,8.62,0.04,-24.62,True,False
120,index,399001.SZ,Shenzhen Component,14081.8,2021-10-12,2021-12-13,62 days,5.86,2022-01-21,3 days,-0.82,4.84,-13.93,18.77,-0.78,59,6.67,-27.2,11.31,True,False
121,index,^JKSE,Composite Index,6655.17,2021-02-02,2022-01-21,353 days,11.02,2021-05-24,245 days,14.7,69.41,133.42,64.02,2.12,108,-3.68,6.0,-3.41,False,True
122,index,MSCI,MSCI Inc,507.07,2021-06-01,2021-11-16,168 days,38.19,2022-01-21,3 days,-1.67,1.79,-4.36,6.15,-0.85,165,39.85,-55.52,24.15,True,False
123,index,^TNX,CBOE Interest Rate 10 Year T No,1.74,2020-08-04,2022-01-18,532 days,142.38,2021-08-02,175 days,39.45,32.89,27.71,5.19,6.62,357,102.93,22.54,28.83,False,True
124,bov,GGBR4.SA,GERDAU      PN      N1,27.8,2021-11-10,2021-12-16,36 days,22.44,2022-01-07,17 days,2.49,47.22,11.1,36.12,0.32,19,19.95,14.66,104.98,False,True
125,bov,SUZB3.SA,SUZANO S.A. ON      NM,58.22,2021-07-30,2022-01-18,172 days,14.34,2021-10-27,89 days,16.34,51.74,114.0,62.25,1.86,83,-2.01,18.37,-2.42,True,False
126,bov,HAPV3.SA,HAPVIDA     ON      NM,11.34,2021-10-26,2021-11-11,16 days,15.26,2022-01-05,19 days,14.39,118.75,94.27,24.48,4.02,-3,0.87,75.74,-29.15,False,True
127,bov,BBDC4.SA,BRADESCO    PN      N1,21.3,2021-11-04,2022-01-18,75 days,7.19,2021-12-30,25 days,10.1,33.33,140.47,107.13,1.32,50,-2.91,40.4,-5.82,False,True
128,bov,ABEV3.SA,AMBEV S/A   ON,14.7,2021-10-22,2021-11-05,14 days,17.29,2022-01-20,4 days,1.1,28.57,6.39,22.18,0.3,10,16.18,27.61,161.84,True,False
129,bov,VIVT3.SA,TELEF BRASILON,48.08,2021-07-27,2021-11-19,115 days,27.85,2022-01-14,10 days,2.23,8.7,7.99,0.7,27.03,105,25.62,22.25,24.4,False,True
130,bov,WEGE3.SA,WEG         ON      NM,29.9,2021-11-30,2021-12-16,16 days,9.63,2022-01-10,14 days,2.05,87.5,21.24,66.26,0.33,2,7.58,14.61,379.23,True,False
131,bov,NEOE3.SA,NEOENERGIA  ON      NM,15.8,2021-10-06,2021-12-03,58 days,20.83,2022-01-10,14 days,7.42,24.14,35.6,11.46,3.4,44,13.42,52.97,30.49,False,True
132,bov,ETER3.SA,ETERNIT     ON      NM,15.74,2021-03-01,2021-05-26,86 days,128.33,2022-01-24,0 days,-4.43,0.0,-3.45,3.45,-1.41,86,132.76,-inf,154.37,True,False
133,bov,ENEV3.SA,ENEVA       ON      NM,12.75,2021-10-22,2021-11-19,28 days,6.47,2022-01-18,6 days,1.16,21.43,17.87,3.55,7.0,22,5.31,19.26,24.14,True,False
134,bov,BPAC11.SA,BTGP BANCO  UNT     N2,21.61,2021-03-18,2021-07-26,130 days,33.16,2022-01-18,6 days,9.52,4.62,28.72,24.1,1.24,124,23.64,158.68,19.06,False,True
135,bov,CSNA3.SA,SID NACIONALON,25.94,2021-06-17,2021-07-29,42 days,13.97,2021-11-18,67 days,24.59,159.52,175.98,16.46,11.38,-25,-10.62,36.7,42.46,False,True
136,bov,ITUB4.SA,ITAUUNIBANCOPN      N1,23.27,2021-03-01,2021-06-16,107 days,28.53,2021-12-30,25 days,9.14,23.36,32.04,8.67,4.18,82,19.39,36.56,23.65,False,True
137,bov,VALE3.SA,VALE        ON      NM,83.87,2021-02-02,2021-05-11,98 days,32.2,2021-11-18,67 days,26.7,68.37,82.91,14.54,6.12,31,5.5,39.85,17.76,False,True
138,bov,PETR4.SA,PETROBRAS   PN      N2,31.95,2021-08-04,2022-01-24,173 days,38.14,2021-09-20,126 days,38.81,72.83,101.75,28.92,3.64,47,-0.67,30.8,-1.42,False,True
139,bov,CAML3.SA,CAMIL       ON      NM,8.95,2021-08-16,2021-12-30,136 days,30.83,2022-01-24,0 days,-2.08,0.0,-6.74,6.74,-1.17,136,32.91,-inf,24.2,True,False
140,bov,TOTS3.SA,TOTVS       ON      NM,25.85,2021-10-22,2021-11-11,20 days,11.35,2022-01-18,6 days,2.53,30.0,22.32,7.68,3.34,14,8.82,42.21,62.97,True,False
141,bov,USIM5.SA,USIMINAS    PNA     N1,16.24,2021-06-17,2021-08-10,54 days,20.53,2021-11-05,80 days,31.72,148.15,154.5,6.36,28.85,-26,-11.19,39.65,43.04,False,True
142,bov,RADL3.SA,RAIADROGASILON      NM,21.0,2021-12-02,2021-12-30,28 days,11.23,2022-01-24,0 days,0.0,0.0,0.0,0.0,0.0,28,11.23,,40.12,True,False
143,bov,GFSA3.SA,GAFISA      ON      NM,1.81,2021-05-24,2021-06-14,21 days,14.25,2022-01-18,6 days,5.31,28.57,37.27,8.7,4.84,15,8.94,88.5,59.59,False,True
144,bov,MEAL3.SA,IMC S/A     ON      NM,2.32,2021-05-13,2021-06-21,39 days,24.33,2022-01-18,6 days,8.43,15.38,34.65,19.26,1.9,33,15.9,140.47,48.18,False,True
145,bov,UNIP3.SA,UNIPAR      ON,90.12,2021-07-19,2021-12-30,164 days,19.9,2022-01-21,3 days,-0.6,1.83,-3.01,4.84,-0.78,161,20.5,-19.98,12.73,True,False
146,bov,CVCB3.SA,CVC BRASIL  ON      NM,12.7,2021-03-09,2021-06-28,111 days,68.38,2022-01-18,6 days,9.93,5.41,14.52,9.11,1.79,105,58.45,165.42,55.67,False,True
147,bov,LREN3.SA,LOJAS RENNERON      NM,25.88,2021-02-26,2021-06-08,102 days,30.76,2022-01-05,19 days,13.52,18.63,43.95,25.32,1.81,83,17.24,71.15,20.77,False,True
148,bov,BOBR4.SA,BOMBRIL     PN,1.49,2021-05-28,2021-06-10,13 days,34.8,2022-01-18,6 days,0.71,46.15,2.03,44.12,0.05,7,34.09,11.79,487.03,True,False
149,bov,BRPR3.SA,BR PROPERT  ON      NM,6.9,2021-08-17,2021-09-13,27 days,10.8,2022-01-10,14 days,7.18,51.85,66.53,14.68,4.86,13,3.61,51.31,27.8,False,True
150,bov,RAPT3.SA,RANDON PART ON      N1,12.15,2021-08-17,2021-09-30,44 days,17.69,2021-12-16,39 days,-3.47,88.64,-19.59,108.23,-0.18,5,21.16,-8.89,423.19,True,False
151,bov,POMO4.SA,MARCOPOLO   PN      N2,3.12,2021-05-04,2021-07-05,62 days,35.33,2021-11-30,55 days,17.12,88.71,48.44,40.27,1.23,7,18.22,31.12,260.23,False,True
152,bov,RAIL3.SA,RUMO S.A.   ON      NM,16.63,2021-10-29,2021-12-15,47 days,15.95,2022-01-17,7 days,2.12,14.89,13.32,1.57,23.37,40,13.82,30.35,34.55,True,False
153,bov,LAME4.SA,LOJAS AMERICPN      N1,6.55,2021-10-04,2021-11-12,39 days,32.09,2022-01-10,11 days,23.66,28.21,73.73,45.52,1.66,28,8.43,215.07,30.11,False,False
154,bov,CCRO3.SA,CCR SA      ON      NM,12.03,2021-04-30,2021-06-07,38 days,13.36,2022-01-10,14 days,6.86,36.84,51.34,14.49,3.8,24,6.5,48.99,27.09,False,True
155,bov,GUAR3.SA,GUARARAPES  ON,10.52,2021-03-03,2021-06-08,97 days,68.4,2022-01-18,6 days,17.98,6.19,26.29,20.1,1.38,91,50.42,299.71,55.4,False,True
156,bov,CSAN3.SA,COSAN       ON      NM,21.65,2021-10-29,2022-01-20,83 days,13.27,2022-01-10,14 days,9.13,16.87,68.82,51.96,1.35,69,4.14,65.22,5.99,False,True
157,bov,SANB11.SA,SANTANDER BRUNT,31.1,2021-03-01,2021-06-07,98 days,23.04,2021-12-30,25 days,2.67,25.51,11.59,13.92,0.9,73,20.36,10.68,27.9,False,True
158,bov,MNPR3.SA,MINUPAR     ON,5.86,2021-09-08,2021-09-28,20 days,8.84,2022-01-10,14 days,-0.59,70.0,-6.69,76.69,-0.09,6,9.43,-4.22,157.18,True,False
159,bov,TAEE11.SA,TAESA       UNT     N2,38.07,2021-07-01,2021-08-20,50 days,9.52,2021-11-23,62 days,11.49,124.0,120.71,3.29,52.71,-12,-1.97,18.54,16.43,False,False
160,bov,CMIG3.SA,CEMIG       ON      N1,17.16,2021-07-19,2021-12-30,164 days,27.93,2021-08-16,161 days,26.72,98.17,95.67,2.5,63.59,3,1.21,16.59,40.34,True,False
161,bov,BBAS3.SA,BRASIL      ON      NM,31.35,2021-09-20,2021-12-06,77 days,16.11,2022-01-05,19 days,8.39,24.68,52.07,27.39,1.97,58,7.72,44.16,13.32,False,True
162,bov,BRAP4.SA,BRADESPAR   PN      N1,26.85,2021-12-09,2022-01-19,41 days,26.46,2021-12-09,46 days,19.84,112.2,74.99,37.2,2.07,-5,6.62,43.14,-132.35,False,True
163,bov,CRFB3.SA,CARREFOUR BRON      NM,14.95,2021-03-03,2021-06-10,99 days,27.3,2022-01-07,17 days,4.83,17.17,17.69,0.52,36.78,82,22.47,28.41,27.4,False,True
164,bov,MYPK3.SA,IOCHP-MAXIONON      NM,14.22,2021-08-17,2021-10-18,62 days,34.11,2021-12-01,54 days,5.95,87.1,17.43,69.66,0.25,8,28.16,11.01,352.0,True,False
165,bov,JBSS3.SA,JBS         ON      NM,35.92,2021-06-25,2021-12-29,187 days,37.93,2021-12-03,52 days,5.56,27.81,14.65,13.16,1.2,135,32.37,10.68,23.98,True,False
166,bov,GRND3.SA,GRENDENE    ON      NM,8.38,2021-03-01,2021-08-12,164 days,66.15,2022-01-05,19 days,6.19,11.59,9.36,2.22,7.64,145,59.96,32.59,41.35,False,True
167,bov,SHOW3.SA,TIME FOR FUNON      NM,2.85,2021-08-16,2021-09-03,18 days,10.74,2022-01-24,0 days,-4.36,0.0,-40.61,40.61,-1.03,18,15.11,-inf,83.92,True,False
168,bov,FLRY3.SA,FLEURY      ON      NM,18.42,2021-05-03,2021-05-20,17 days,8.05,2022-01-05,19 days,12.46,111.76,154.73,42.97,3.69,-2,-4.41,65.57,220.36,False,True
169,bov,AGRO3.SA,BRASILAGRO  ON      NM,26.3,2021-08-17,2021-10-15,59 days,25.44,2021-12-01,54 days,11.71,91.53,46.04,45.49,1.03,5,13.73,21.69,274.57,False,False
170,bov,CYRE3.SA,CYRELA REALTON      NM,15.49,2021-03-09,2021-06-14,97 days,13.82,2022-01-18,6 days,9.55,6.19,69.12,62.93,1.12,91,4.27,159.22,4.69,False,True
171,bov,CEBR3.SA,CEB         ON,15.5,2021-10-11,2021-10-14,3 days,-294.11,2022-01-21,3 days,0.06,100.0,-0.02,100.02,-0.0,0,-294.18,2.05,-inf,True,False
172,bov,CPLE3.SA,COPEL       ON      N2,5.91,2021-07-08,2021-09-27,81 days,17.8,2021-11-08,77 days,8.9,95.06,49.97,45.09,1.13,4,8.91,11.56,222.67,False,True
173,bov,TRPL4.SA,TRAN PAULISTPN      N1,24.14,2021-08-19,2021-12-22,125 days,12.14,2022-01-13,11 days,2.27,8.8,18.74,9.94,2.1,114,9.86,20.68,8.65,False,True
174,bov,MTSA4.SA,METISA      PN,38.99,2021-08-17,2021-10-28,72 days,22.15,2021-09-21,125 days,4.38,173.61,19.76,153.85,0.13,-53,17.78,3.5,-33.54,False,False
175,bov,EMBR3.SA,EMBRAER     ON      NM,20.64,2021-09-22,2021-10-14,22 days,26.72,2022-01-21,3 days,-1.8,13.64,-6.72,20.35,-0.35,19,28.52,-59.84,150.09,True,False
176,bov,ABCB4.SA,ABC BRASIL  PN      N2,15.55,2021-09-29,2021-12-10,72 days,19.95,2022-01-05,19 days,-1.01,26.39,-5.05,31.43,-0.17,53,20.96,-5.3,39.54,True,False
177,bov,BRML3.SA,BR MALLS PARON      NM,9.01,2021-10-26,2022-01-21,87 days,26.01,2022-01-10,14 days,22.0,16.09,84.57,68.48,1.25,73,4.01,157.12,5.5,False,True
178,bov,SLCE3.SA,SLC AGRICOLAON      NM,45.11,2021-08-31,2022-01-19,141 days,24.07,2021-12-20,35 days,27.09,24.82,112.54,87.72,1.3,106,-3.02,77.41,-2.85,False,True
179,bov,NTCO3.SA,GRUPO NATURAON      NM,23.16,2021-05-12,2021-07-12,61 days,22.21,2022-01-18,6 days,9.15,9.84,41.2,31.36,1.36,55,13.06,152.51,23.75,False,True
180,bov,SEER3.SA,SER EDUCA   ON      NM,10.77,2021-03-18,2021-06-23,97 days,51.46,2022-01-05,19 days,9.54,19.59,18.54,1.05,354.28,78,41.92,50.2,53.74,False,True
181,bov,FRAS3.SA,FRAS-LE     ON      N1,12.71,2021-05-27,2021-08-09,74 days,44.64,2021-12-01,54 days,2.97,72.97,6.64,66.33,0.1,20,41.68,5.49,208.38,True,False
182,bov,PCAR3.SA,P.ACUCAR-CBDON      NM,20.95,2020-10-30,2021-06-04,217 days,210.12,2022-01-17,7 days,5.47,3.23,2.6,0.62,6.89,210,204.65,78.15,97.45,False,True
183,bov,TEND3.SA,TENDA       ON      NM,15.95,2021-05-21,2021-06-18,28 days,5.98,2022-01-18,6 days,7.87,21.43,131.51,110.08,1.21,22,-1.89,131.13,-8.57,False,True
184,bov,SMTO3.SA,SAO MARTINHOON      NM,36.36,2021-09-08,2021-11-08,61 days,27.93,2022-01-10,14 days,8.5,22.95,30.45,7.5,4.68,47,19.42,60.75,41.32,False,True
185,bov,SBFG3.SA,GRUPO SBF   ON      NM,22.01,2021-03-09,2021-07-12,125 days,59.51,2022-01-05,19 days,8.34,15.2,14.01,1.19,75.65,106,51.17,43.89,48.27,False,True
186,bov,BRFS3.SA,BRF SA      ON      NM,23.46,2021-09-20,2021-10-01,11 days,16.54,2021-12-13,42 days,16.57,381.82,100.14,281.68,0.36,-31,-0.02,39.44,0.08,False,True
187,bov,EMAE4.SA,EMAE        PN,50.7,2021-07-27,2021-08-02,6 days,5.76,2022-01-24,0 days,-1.55,0.0,-26.99,26.99,-1.04,6,7.31,-inf,121.81,True,False
188,bov,BIOM3.SA,BIOMM       ON      MA,14.25,2021-08-18,2021-10-04,47 days,27.62,2021-12-09,46 days,8.6,97.87,31.13,66.75,0.47,1,19.03,18.69,1902.6,False,True
189,bov,SULA11.SA,SUL AMERICA UNT     N2,22.91,2021-10-06,2021-11-10,35 days,19.1,2022-01-18,6 days,-0.84,17.14,-4.38,21.52,-0.21,29,19.93,-13.94,68.73,True,False
190,bov,YDUQ3.SA,YDUQS PART  ON      NM,19.6,2021-10-29,2021-12-16,48 days,10.55,2022-01-10,14 days,4.47,29.17,42.4,13.23,3.47,34,6.08,31.95,17.87,False,True
191,bov,RENT3.SA,LOCALIZA    ON      NM,53.62,2021-10-29,2021-12-16,48 days,27.37,2022-01-10,14 days,8.57,29.17,31.29,2.13,27.79,34,18.81,61.19,55.32,False,True
192,bov,AZUL4.SA,AZUL        PN      N2,26.43,2021-03-29,2021-06-08,71 days,28.34,2021-12-02,53 days,21.64,74.65,76.36,1.71,107.49,18,6.7,40.83,37.22,False,True
193,bov,GOLL4.SA,GOL         PN      N2,16.42,2021-12-01,2021-12-22,21 days,17.19,2022-01-05,19 days,1.03,90.48,5.97,84.5,0.07,2,16.16,5.4,808.04,True,False
194,bov,IGTI3.SA,IGUATEMI S.AON      N1,3.1,2021-03-01,2021-07-16,137 days,54.91,2022-01-05,19 days,23.5,13.87,42.8,28.93,1.53,118,31.41,123.7,26.62,False,True
195,bov,ALSO3.SA,ALIANSCSONAEON      NM,21.09,2021-10-29,2021-11-19,21 days,14.93,2022-01-10,14 days,12.81,66.67,85.82,19.15,4.73,7,2.12,91.49,30.24,False,True
196,bov,BEEF3.SA,MINERVA     ON      NM,9.73,2021-12-01,2021-12-29,28 days,22.14,2022-01-24,0 days,-1.32,0.0,-5.96,5.96,-1.2,28,23.45,-inf,83.77,True,False
197,bov,COGN3.SA,COGNA ON    ON      NM,2.38,2021-03-01,2021-06-21,112 days,28.92,2022-01-10,14 days,14.45,12.5,49.96,37.46,1.37,98,14.47,103.2,14.77,False,True
198,bov,PRIO3.SA,PETRORIO    ON      NM,23.17,2021-08-17,2021-10-14,58 days,54.98,2022-01-05,19 days,12.37,32.76,22.5,10.26,2.43,39,42.6,65.11,109.24,False,True
199,bov,HYPE3.SA,HYPERA      ON      NM,29.06,2021-12-01,2022-01-21,51 days,9.75,2022-01-11,13 days,8.37,25.49,85.81,60.32,1.45,38,1.38,64.35,3.64,False,True
200,bov,SAPR4.SA,SANEPAR     PN      N2,3.84,2021-03-01,2021-03-19,18 days,12.19,2022-01-10,14 days,7.73,77.78,63.41,14.36,4.75,4,4.46,55.21,111.47,False,True
201,bov,BRKM5.SA,BRASKEM     PNA     N1,49.95,2021-08-18,2021-09-15,28 days,29.69,2022-01-21,3 days,1.62,10.71,5.45,5.26,1.28,25,28.07,53.94,112.27,True,False
202,bov,MILS3.SA,MILLS       ON      NM,5.92,2021-10-29,2021-12-14,46 days,33.71,2022-01-18,6 days,5.32,13.04,15.78,2.73,9.11,40,28.39,88.63,70.98,False,True
203,bov,OIBR3.SA,OI          ON      N1,0.89,2021-10-07,2021-10-19,12 days,16.51,2022-01-10,14 days,24.14,116.67,146.22,29.56,5.12,-2,-7.63,172.44,381.57,False,True
204,bov,JHSF3.SA,JHSF PART   ON      NM,5.48,2021-12-01,2021-12-28,27 days,18.22,2022-01-17,7 days,12.5,25.93,68.56,42.64,1.65,20,5.73,178.51,28.65,False,True
205,bov,UCAS3.SA,UNICASA     ON      NM,3.58,2021-03-24,2021-06-14,82 days,33.14,2022-01-18,6 days,-3.39,7.32,-10.23,17.54,-0.62,76,36.53,-56.47,48.06,True,False
206,bov,MULT3.SA,MULTIPLAN   ON      N2,19.68,2021-10-26,2021-11-11,16 days,16.61,2022-01-10,14 days,17.11,87.5,102.98,15.48,7.11,2,-0.5,122.19,-24.78,False,True
207,bov,EZTC3.SA,EZTEC       ON      NM,19.79,2021-05-24,2021-06-14,21 days,14.36,2022-01-18,6 days,7.26,28.57,50.57,22.0,2.41,15,7.1,121.04,47.32,False,True
208,bov,LPSB3.SA,LOPES BRASILON      NM,2.51,2021-03-10,2021-05-11,62 days,47.09,2022-01-06,18 days,21.08,29.03,44.77,15.73,3.04,44,26.01,117.12,59.12,False,True
209,bov,MGLU3.SA,MAGAZ LUIZA ON      NM,6.39,2021-05-21,2021-07-16,56 days,25.59,2021-12-14,41 days,8.84,73.21,34.54,38.67,0.92,15,16.75,21.56,111.69,True,False
210,bov,VIIA3.SA,VIA         ON      NM,4.22,2021-03-09,2021-06-28,111 days,35.71,2022-01-18,6 days,8.41,5.41,23.55,18.14,1.37,105,27.3,140.12,26.0,True,False
211,bov,ANIM3.SA,ANIMA       ON      NM,7.36,2021-10-29,2021-12-10,42 days,32.07,2022-01-10,14 days,4.23,33.33,13.18,20.16,0.69,28,27.85,30.19,99.45,False,True
212,bov,MOVI3.SA,MOVIDA      ON      NM,15.09,2021-10-29,2021-12-10,42 days,21.14,2022-01-10,14 days,10.37,33.33,49.07,15.74,3.33,28,10.77,74.1,38.46,False,True
213,bov,ELET3.SA,ELETROBRAS  ON      N1,33.31,2021-09-08,2021-10-18,40 days,8.32,2022-01-10,14 days,9.59,35.0,115.25,80.25,1.45,26,-1.27,68.48,-4.88,False,True
214,bov,B3SA3.SA,B3          ON      NM,13.06,2021-06-10,2021-07-14,34 days,5.88,2022-01-03,21 days,17.17,61.76,292.02,230.25,1.27,13,-11.29,81.75,-86.83,False,True
215,bov,KLBN11.SA,KLABIN S/A  UNT     N2,24.23,2021-10-19,2021-12-17,59 days,15.65,2022-01-24,0 days,-2.46,0.0,-15.7,15.7,-1.07,59,18.1,-inf,30.68,False,False
216,bov,ROMI3.SA,INDS ROMI   ON      NM,15.61,2020-09-23,2021-04-19,208 days,164.23,2021-11-18,67 days,9.09,32.21,5.54,26.67,0.22,141,155.13,13.57,110.02,True,False
217,bov,IRBR3.SA,IRBBRASIL REON      NM,3.16,2021-03-09,2021-05-13,65 days,11.32,2022-01-24,0 days,-5.39,0.0,-47.62,47.62,-1.02,65,16.71,-inf,25.7,True,False
218,bov,PTBL3.SA,PORTOBELLO  ON      NM,8.21,2021-11-30,2021-12-16,16 days,23.14,2022-01-07,17 days,6.87,106.25,29.67,76.58,0.39,-1,16.28,40.4,-1627.68,True,False
219,bov,RNEW3.SA,RENOVA      ON      N2,2.37,2021-03-09,2021-06-09,92 days,58.65,2022-01-17,7 days,5.08,7.61,8.66,1.06,154.54,85,53.57,72.6,63.02,False,True
220,bov,ENAT3.SA,ENAUTA PART ON      NM,14.11,2021-11-19,2021-12-16,27 days,12.68,2022-01-06,18 days,10.39,66.67,81.96,15.29,5.73,9,2.29,57.73,25.42,False,True
221,bov,AMER3.SA,AMERICANAS  ON      NM,34.27,2021-10-04,2021-10-20,16 days,23.12,2022-01-10,14 days,22.07,87.5,95.45,7.95,13.73,2,1.05,157.64,52.55,False,True
222,bov,ITSA3.SA,ITAUSA      ON      N1,9.63,2021-03-01,2021-06-07,98 days,17.75,2022-01-03,21 days,4.97,21.43,27.99,6.56,5.04,77,12.78,23.66,16.6,False,True
223,bov,SQIA3.SA,SINQIA      ON      NM,16.15,2021-03-09,2021-07-22,135 days,45.94,2022-01-18,6 days,17.18,4.44,37.4,32.96,1.17,129,28.76,286.38,22.29,False,True
224,bov,MRFG3.SA,MARFRIG     ON      NM,23.49,2021-06-08,2021-10-14,128 days,49.27,2021-12-13,42 days,18.39,32.81,37.33,4.52,10.6,86,30.87,43.79,35.9,False,True
225,bov,TCNO4.SA,TECNOSOLO   PN,1.35,2021-12-15,2022-01-06,22 days,132.7,2022-01-24,0 days,-2.17,0.0,-1.64,1.64,-2.57,22,134.87,-inf,613.05,True,False
226,bov,BIDI3.SA,BANCO INTER ON      N2,9.57,2021-06-15,2021-07-21,36 days,27.76,2021-12-28,0 days,-1.14,0.0,-4.09,4.09,-1.32,36,28.9,-inf,80.27,True,False
227,bov,BIDI4.SA,BANCO INTER PN      N2,9.49,2021-06-08,2021-07-21,43 days,28.65,2021-12-23,0 days,-0.42,0.0,-1.46,1.46,-3.15,43,29.07,-inf,67.61,True,False
228,bov,BIDI11.SA,BANCO INTER UNT     N2,28.65,2021-06-15,2021-07-21,36 days,29.59,2021-12-21,2 days,-0.46,5.56,-1.56,7.11,-0.26,34,30.05,-23.07,88.39,True,False
229,bov,EVEN3.SA,EVEN        ON      NM,6.49,2021-03-09,2021-06-18,101 days,18.46,2021-12-01,54 days,7.82,53.47,42.35,11.12,4.19,47,10.64,14.48,22.64,False,True
230,bov,HBOR3.SA,HELBOR      ON      NM,4.0,2021-03-09,2021-06-07,90 days,27.49,2022-01-18,6 days,2.67,6.67,9.73,3.06,4.72,84,24.82,44.56,29.54,True,False
231,bov,ENGI3.SA,ENERGISA    ON      N2,13.41,2021-09-28,2021-12-10,73 days,16.08,2022-01-14,10 days,2.56,13.7,15.92,2.22,13.05,63,13.52,25.6,21.46,False,True
232,bov,OMGE3.SA,OMEGA GER   ON      NM,27.43,2021-08-17,2021-09-21,35 days,8.63,2021-12-14,9 days,1.53,25.71,17.78,7.94,2.56,26,7.1,17.05,27.3,False,True
233,bov,FHER3.SA,FER HERINGERON      NM,16.39,2021-08-17,2021-09-15,29 days,80.68,2022-01-06,18 days,1.84,62.07,2.28,59.79,0.04,11,78.84,10.23,716.75,True,False
234,bov,ALUP11.SA,ALUPAR      UNT     N2,24.54,2021-03-03,2021-06-04,93 days,23.33,2022-01-10,14 days,4.01,15.05,17.18,2.12,15.3,79,19.32,28.62,24.46,False,True
235,bov,AZEV4.SA,AZEVEDO     PN,3.35,2021-11-30,2021-12-23,23 days,43.07,2022-01-24,0 days,-1.47,0.0,-3.41,3.41,-1.41,23,44.54,-inf,193.64,True,False
236,bov,FESA4.SA,FERBASA     PN      N1,45.45,2021-11-26,2021-12-13,17 days,17.99,2022-01-21,3 days,-3.6,17.65,-20.01,37.65,-0.55,14,21.59,-119.98,154.22,True,False
237,bov,BBRK3.SA,BR BROKERS  ON      NM,1.12,2021-06-11,2021-06-23,12 days,96.94,2022-01-18,6 days,15.18,50.0,15.66,34.34,0.47,6,81.76,253.05,1362.69,False,True
238,bov,ENMT3.SA,ENERGISA MT ON,80.62,2021-09-22,2021-12-30,99 days,7.64,2022-01-24,0 days,-0.46,0.0,-5.98,5.98,-1.2,99,8.09,-inf,8.18,True,False
239,bov,BMEB4.SA,MERC BRASIL PN      N1,10.67,2021-01-05,2021-12-15,344 days,52.89,2021-11-10,75 days,20.26,21.8,38.3,16.5,2.47,269,32.63,27.01,12.13,True,False
240,bov,VIVR3.SA,VIVER       ON      NM,1.08,2021-06-14,2021-06-23,9 days,179.42,2022-01-10,14 days,0.88,155.56,0.49,155.07,0.0,-5,178.55,6.26,-3570.91,True,False
241,bov,RCSL4.SA,RECRUSUL    PN,1.15,2021-12-06,2021-12-14,8 days,10.32,2022-01-10,14 days,1.36,175.0,13.15,161.85,0.08,-6,8.96,9.69,-149.33,True,False
242,bov,TECN3.SA,TECHNOS     ON      NM,2.1,2021-07-30,2021-10-19,81 days,48.51,2022-01-10,14 days,6.88,17.28,14.17,3.11,6.71,67,41.64,49.11,62.15,False,True
243,bov,CRIV3.SA,ALFA FINANC ON,5.0,2021-12-01,2022-01-17,47 days,3.1,2021-12-27,28 days,1.03,59.57,33.13,26.44,1.3,19,2.07,3.67,10.91,False,True
244,bov,HETA4.SA,HERCULES    PN,7.81,2021-09-03,2021-11-24,82 days,45.69,2022-01-05,19 days,1.11,23.17,2.43,20.74,0.12,63,44.58,5.84,70.76,True,False
245,bov,RRRP3.SA,3R PETROLEUMON      NM,35.52,2021-09-20,2021-10-05,15 days,23.51,2021-11-26,59 days,20.11,393.33,85.54,307.79,0.28,-44,3.4,34.09,-7.72,False,True
246,bov,AERI3.SA,AERIS       ON      NM,6.02,2021-08-16,2021-09-17,32 days,24.67,2022-01-18,6 days,0.4,18.75,1.63,17.12,0.1,26,24.27,6.71,93.35,True,False
247,bov,AESB3.SA,AES BRASIL  ON      NM,11.05,2021-08-11,2021-09-01,21 days,14.4,2022-01-10,14 days,7.15,66.67,49.69,16.97,3.11,7,7.24,51.1,103.46,False,True
248,bov,AALR3.SA,ALLIAR      ON      NM,14.09,2021-11-18,2021-11-26,8 days,44.06,2022-01-10,14 days,11.7,175.0,26.55,148.45,0.18,-6,32.36,83.57,-539.35,False,True
249,bov,AMBP3.SA,AMBIPAR     ON      NM,35.29,2021-10-29,2021-11-25,27 days,22.27,2022-01-18,6 days,1.04,22.22,4.66,17.56,0.28,21,21.23,17.28,101.09,True,False
250,bov,ARZZ3.SA,AREZZO CO   ON      NM,74.12,2021-01-14,2021-07-15,182 days,48.7,2022-01-10,14 days,9.98,7.69,20.5,12.81,1.74,168,38.71,71.3,23.04,False,True
251,bov,BPAN4.SA,BANCO PAN   PN      N1,9.6,2021-03-24,2021-06-23,91 days,88.8,2022-01-18,6 days,-2.38,6.59,-2.68,9.27,-0.32,85,91.18,-39.61,107.27,True,False
252,bov,BRSR6.SA,BANRISUL    PNB     N1,10.37,2021-03-24,2021-06-02,70 days,22.54,2021-12-22,33 days,11.27,47.14,49.99,2.84,27.1,37,11.27,34.14,30.47,False,True
253,bov,BKBR3.SA,BK BRASIL   ON      NM,5.83,2021-10-29,2021-11-11,13 days,21.63,2022-01-10,14 days,8.15,107.69,37.66,70.03,0.55,-1,13.48,58.18,-1348.33,False,True
254,bov,CEAB3.SA,CEA MODAS   ON      NM,5.6,2021-03-09,2021-06-21,104 days,43.63,2022-01-18,6 days,4.89,5.77,11.21,5.44,2.52,98,38.74,81.51,39.53,True,False
255,bov,CESP6.SA,CESP        PNB     N1,22.02,2021-10-07,2021-11-03,27 days,11.48,2022-01-06,18 days,10.22,66.67,89.02,22.35,4.17,9,1.26,56.78,14.01,False,True
256,bov,BMGB4.SA,BANCO BMG   PN      N1,3.09,2021-05-14,2021-06-09,26 days,15.32,2021-12-01,54 days,18.11,207.69,118.22,89.48,1.34,-28,-2.79,33.54,9.97,True,False
257,bov,CSMG3.SA,COPASA      ON      NM,12.28,2021-03-09,2021-05-24,76 days,28.75,2022-01-10,14 days,5.87,18.42,20.41,1.99,20.63,62,22.89,41.92,36.91,False,True
258,bov,PNVL3.SA,DIMED       ON      NM,11.97,2021-05-20,2021-06-29,40 days,14.18,2022-01-06,18 days,8.51,45.0,60.04,15.04,4.28,22,5.67,47.3,25.76,False,True
259,bov,DIRR3.SA,DIRECIONAL  ON      NM,11.98,2021-10-29,2021-12-10,42 days,31.99,2022-01-10,14 days,12.49,33.33,39.04,5.71,8.29,28,19.5,89.21,69.64,False,True
260,bov,ECOR3.SA,ECORODOVIAS ON      NM,7.35,2021-03-09,2021-06-15,98 days,26.62,2022-01-05,19 days,4.99,19.39,18.73,0.66,54.84,79,21.63,26.24,27.38,False,True
261,bov,ENBR3.SA,ENERGIAS BR ON      NM,21.18,2021-08-05,2022-01-19,167 days,28.0,2022-01-06,18 days,6.74,10.78,24.08,13.3,1.96,149,21.25,37.46,14.26,False,True
262,bov,SOMA3.SA,GRUPO SOMA  ON      NM,11.9,2021-10-29,2021-11-19,21 days,14.14,2022-01-18,6 days,9.14,28.57,64.63,36.06,1.84,15,5.0,152.35,33.35,False,True
263,bov,HBSA3.SA,HIDROVIAS   ON      NM,2.86,2021-12-01,2021-12-28,27 days,26.55,2022-01-19,5 days,4.16,18.52,15.66,2.86,8.44,22,22.39,83.16,101.77,True,False
264,bov,LWSA3.SA,LOCAWEB     ON      NM,8.54,2021-06-07,2021-07-22,45 days,14.96,2022-01-18,6 days,1.1,13.33,7.33,6.01,1.46,39,13.86,18.27,35.55,True,False
265,bov,VAMO3.SA,VAMOS       ON      NM,11.09,2021-12-01,2021-12-15,14 days,20.66,2022-01-18,6 days,9.0,42.86,43.56,0.7,145.0,8,11.66,149.97,145.76,False,True
266,bov,RDOR3.SA,REDE D OR   ON      NM,40.61,2021-07-21,2021-08-24,34 days,13.89,2022-01-18,6 days,2.7,17.65,19.42,1.77,25.23,28,11.19,44.94,39.97,True,False
267,bov,NGRD3.SA,NEOGRID     ON      NM,2.7,2021-06-30,2021-07-06,6 days,22.02,2022-01-10,14 days,15.17,233.33,68.87,164.46,0.42,-8,6.86,108.35,-85.7,False,True
268,bov,TUPY3.SA,TUPY        ON      NM,19.94,2021-09-20,2021-11-11,52 days,14.03,2022-01-07,17 days,4.54,32.69,32.36,0.33,48.12,35,9.49,26.72,27.12,True,False
269,bov,SBSP3.SA,SABESP      ON      NM,35.45,2021-03-01,2021-04-30,60 days,16.9,2022-01-10,14 days,0.06,23.33,0.35,22.98,0.02,46,16.84,0.43,36.61,True,False
270,bov,CXSE3.SA,CAIXA SEGURION      NM,8.22,2021-10-07,2021-11-19,43 days,21.15,2022-01-05,19 days,2.8,44.19,13.24,30.95,0.44,24,18.35,14.74,76.46,False,True
271,bov,SIMH3.SA,SIMPAR      ON      NM,9.9,2021-12-01,2021-12-17,16 days,18.04,2022-01-18,6 days,5.95,37.5,32.97,4.53,9.34,10,12.09,99.15,120.94,True,False
272,bov,VIVA3.SA,VIVARA S.A. ON      NM,22.81,2021-08-17,2021-08-30,13 days,9.16,2022-01-10,14 days,3.61,107.69,39.43,68.27,0.59,-1,5.55,25.81,-555.09,True,False
273,bov,WIZS3.SA,WIZ S.A.    ON      NM,7.46,2021-03-10,2021-07-07,119 days,125.24,2022-01-18,6 days,4.14,5.04,3.3,1.74,4.47,113,121.1,68.96,107.17,False,True
274,bov,SULA3.SA,SUL AMERICA ON      N2,7.78,2021-10-06,2021-11-10,35 days,20.91,2022-01-24,0 days,-4.31,0.0,-20.59,20.59,-1.05,35,25.21,-inf,72.03,True,False
275,bov,SAPR11.SA,SANEPAR     UNT     N2,18.99,2021-03-01,2021-03-25,24 days,13.02,2022-01-10,14 days,8.21,58.33,63.08,4.74,16.86,10,4.81,58.68,48.09,False,True
276,bov,SOJA3.SA,BOA SAFRA   ON      NM,13.97,2021-07-22,2021-12-30,161 days,20.96,2022-01-18,6 days,-0.05,3.73,-0.22,3.95,-0.08,155,21.01,-0.77,13.55,True,False
277,bov,PSSA3.SA,PORTO SEGUROON      NM,18.7,2021-07-27,2021-08-20,24 days,15.72,2022-01-24,0 days,-3.26,0.0,-20.74,20.74,-1.05,24,18.97,-inf,79.06,True,False
278,bov,FRTA3.SA,POMIFRUTAS  ON      NM,4.96,2021-10-25,2021-12-20,56 days,7.28,2022-01-14,10 days,-0.68,17.86,-9.3,27.16,-0.36,46,7.95,-6.77,17.29,True,False
279,bov,CPFE3.SA,CPFL ENERGIAON      NM,27.35,2021-10-22,2021-12-17,56 days,11.59,2022-01-06,18 days,7.57,32.14,65.36,33.22,2.03,38,4.01,42.08,10.56,False,True
280,bov,BBSE3.SA,BBSEGURIDADEON      NM,20.93,2021-09-08,2021-11-09,62 days,20.24,2022-01-12,12 days,8.06,19.35,39.8,20.44,2.05,50,12.18,67.13,24.37,False,True
281,bov,RCSL3.SA,RECRUSUL    ON,3.85,2021-10-21,2022-01-03,74 days,29.6,2022-01-24,0 days,-3.99,0.0,-13.48,13.48,-1.08,74,33.59,-inf,45.4,True,False
282,bov,EGIE3.SA,ENGIE BRASILON      NM,39.22,2021-08-05,2021-11-11,98 days,12.02,2022-01-06,18 days,4.25,18.37,35.36,16.99,2.21,80,7.77,23.61,9.71,False,True
283,bov,ODPV3.SA,ODONTOPREV  ON      NM,12.17,2021-03-10,2021-09-30,204 days,33.57,2022-01-10,14 days,1.73,6.86,5.14,1.72,7.11,190,31.84,12.32,16.76,True,False
284,bov,UGPA3.SA,ULTRAPAR    ON      NM,13.46,2021-11-04,2021-12-13,39 days,15.5,2022-01-18,6 days,4.71,15.38,30.4,15.01,2.17,33,10.79,78.52,32.69,True,False
285,bov,RANI3.SA,IRANI       ON      NM,6.13,2021-10-04,2021-10-18,14 days,18.39,2022-01-21,3 days,-1.25,21.43,-6.82,28.25,-0.25,11,19.64,-41.81,178.55,True,False
286,bov,DXCO3.SA,DEXCO       ON      NM,18.87,2021-08-18,2021-12-15,119 days,-2.47,2021-08-31,146 days,0.0,122.69,-0.0,122.69,-0.0,-27,-2.47,0.0,9.15,False,False
287,bov,PETZ3.SA,PETZ        ON      NM,15.89,2021-07-28,2021-08-25,28 days,23.82,2022-01-05,19 days,10.87,67.86,45.64,22.22,2.15,9,12.95,57.21,143.85,False,True
288,bov,VBBR3.SA,VIBRA       ON      NM,21.02,2021-03-08,2021-07-05,119 days,39.93,2022-01-10,14 days,9.59,11.76,24.01,12.25,2.13,105,30.34,68.5,28.9,False,True
289,bov,CMIN3.SA,CSNMINERACAOON      N2,7.0,2021-03-25,2021-05-11,47 days,27.95,2021-11-05,80 days,33.67,170.21,120.46,49.75,2.47,-33,-5.72,42.09,17.33,True,False
290,bov,STBP3.SA,SANTOS BRP  ON      NM,6.05,2021-10-29,2021-12-17,49 days,28.07,2022-01-10,14 days,8.67,28.57,30.87,2.3,23.76,35,19.4,61.9,55.44,False,True
291,bov,GOAU4.SA,GERDAU MET  PN      N1,11.53,2021-11-10,2021-12-16,36 days,18.69,2022-01-06,18 days,2.36,50.0,12.61,37.39,0.35,18,16.33,13.09,90.73,True,False
292,bov,ESPA3.SA,ESPACOLASER ON      NM,5.98,2021-08-17,2021-09-06,20 days,16.06,2022-01-24,0 days,-3.86,0.0,-24.02,24.02,-1.04,20,19.92,-inf,99.6,True,False
293,bov,UNIP6.SA,UNIPAR      PNB,91.7,2020-09-29,2021-12-30,457 days,160.2,2022-01-21,3 days,0.62,0.66,0.39,0.27,0.53,454,159.58,20.58,35.15,True,False
294,bov,PARD3.SA,IHPARDINI   ON      NM,20.4,2021-11-23,2021-12-13,20 days,15.01,2022-01-05,19 days,10.16,95.0,67.72,27.28,2.58,1,4.84,53.48,484.45,False,True
295,commodities,GC=F,Gold Feb 22,1841.7,2021-09-29,2021-11-17,49 days,7.56,2021-12-02,53 days,3.43,108.16,45.43,62.73,0.74,-4,4.12,6.48,-103.11,False,True
296,commodities,MGC=F,"Micro Gold Futures,Apr-2022",1841.7,2021-09-29,2021-11-17,49 days,7.58,2021-12-02,53 days,3.43,108.16,45.31,62.86,0.73,-4,4.15,6.48,-103.65,False,True
297,commodities,PL=F,Platinum Apr 22,1019.9,2021-09-20,2021-11-15,56 days,17.04,2021-12-15,40 days,12.04,71.43,70.64,0.79,329.68,16,5.0,30.09,31.26,False,True
298,commodities,PA=F,Palladium Mar 22,2137.0,2021-09-29,2021-11-17,49 days,17.33,2021-12-15,40 days,29.21,81.63,168.54,86.91,1.96,9,-11.88,73.02,-131.98,False,False
299,commodities,CL=F,Crude Oil Mar 22,83.31,2021-08-23,2022-01-19,149 days,36.13,2021-12-01,54 days,23.78,36.24,65.83,29.59,2.3,95,12.34,44.04,12.99,False,True
300,commodities,HO=F,Heating Oil Feb 22,2.63,2021-08-23,2022-01-19,149 days,36.68,2021-11-30,55 days,20.54,36.91,55.98,19.07,3.1,94,16.15,37.34,17.18,False,True
301,commodities,NG=F,Natural Gas Feb 22,4.03,2021-04-06,2021-10-05,182 days,96.89,2021-12-30,25 days,3.49,13.74,3.6,10.13,0.39,157,93.4,13.96,59.49,False,True
302,commodities,RB=F,RBOB Gasoline Feb 22,2.4,2021-09-09,2021-10-26,47 days,16.91,2021-12-01,54 days,19.68,114.89,116.4,1.5,230.66,-7,-2.77,36.45,39.61,False,True
303,commodities,BZ=F,Brent Crude Oil Last Day Financ,86.27,2021-08-23,2022-01-19,149 days,32.8,2021-12-01,54 days,20.66,36.24,62.98,26.73,2.45,95,12.14,38.25,12.78,False,True
304,commodities,ZC=F,"Corn Futures,Mar-2022",621.0,2020-08-07,2021-05-07,273 days,93.44,2021-09-13,133 days,21.91,48.72,23.45,25.27,0.97,140,71.53,16.48,51.09,False,True
305,commodities,ZO=F,"Oat Futures,Mar-2022",631.25,2021-05-28,2021-11-19,175 days,74.74,2022-01-14,10 days,1.61,5.71,2.15,3.56,0.84,165,73.13,16.08,44.32,True,False
306,commodities,KE=F,"KC HRW Wheat Futures,Mar-2022",818.0,2021-09-10,2021-11-23,74 days,26.87,2022-01-14,10 days,7.58,13.51,28.22,14.71,2.06,64,19.29,75.84,30.14,False,True
307,commodities,ZR=F,"Rough Rice Futures,Mar-2022",1498.0,2021-11-08,2022-01-24,77 days,12.22,2021-12-15,40 days,8.93,51.95,73.11,21.16,3.63,37,3.29,22.33,8.88,False,False
308,commodities,ZM=F,"Soybean Meal Futures,Mar-2022",393.9,2021-04-13,2021-05-12,29 days,11.7,2021-10-12,104 days,24.26,358.62,207.31,151.31,1.38,-75,-12.56,23.32,16.74,True,False
309,commodities,ZL=F,"Soybean Oil Futures,Mar-2022",61.97,2021-09-20,2021-10-20,30 days,14.32,2021-12-14,41 days,15.63,136.67,109.14,27.52,4.11,-11,-1.31,38.12,11.9,False,True
310,commodities,ZS=F,"Soybean Futures,Mar-2022",1403.0,2020-08-10,2021-05-12,275 days,66.25,2021-11-08,77 days,16.7,28.0,25.21,2.79,14.11,198,49.55,21.69,25.02,False,True
311,commodities,GF=F,"Feeder Cattle Futures,Mar-2022",158.48,2021-05-07,2021-11-26,203 days,26.08,2022-01-24,0 days,-1.12,0.0,-4.31,4.31,-1.3,203,27.2,-inf,13.4,True,False
312,commodities,HE=F,"Lean Hogs Futures,Feb-2022",86.32,2021-09-14,2021-10-01,17 days,13.58,2021-12-08,47 days,19.16,276.47,141.11,135.36,1.05,-30,-5.58,40.77,18.61,False,True
313,commodities,LE=F,"Live Cattle Futures,Feb-2022",136.32,2020-10-28,2021-12-29,427 days,29.98,2021-06-01,237 days,17.05,55.5,56.89,1.39,147.24,190,12.92,7.2,6.8,True,False
314,commodities,CC=F,Cocoa Mar 22,2493.0,2021-07-19,2021-10-05,78 days,17.91,2021-11-30,55 days,7.75,70.51,43.25,27.27,1.65,23,10.17,14.08,44.2,True,False
315,commodities,KC=F,Coffee Mar 22,232.95,2021-09-22,2021-12-06,75 days,32.55,2022-01-03,21 days,3.22,28.0,9.9,18.1,0.58,54,29.33,15.34,54.31,True,False
316,commodities,LBS=F,Lumber Mar 22,1098.7,2021-08-19,2022-01-18,152 days,113.15,2021-11-15,70 days,76.17,46.05,67.32,21.26,3.32,82,36.98,108.81,45.1,True,False
317,etf,ECOO11.SA,ISHARES ECOOCI,95.38,2021-03-08,2021-06-07,91 days,11.1,2022-01-10,14 days,5.08,15.38,45.76,30.37,1.56,77,6.02,36.28,7.82,False,True
318,etf,IVVB11.SA,ISHARE SP500CI,259.42,2020-12-17,2021-12-29,377 days,39.78,2022-01-24,0 days,-0.61,0.0,-1.52,1.52,-2.92,377,40.39,-inf,10.71,False,False
319,etf,MATB11.SA,IT NOW IMAT CI,61.23,2021-06-17,2021-07-13,26 days,7.02,2021-11-05,80 days,19.14,307.69,272.56,35.13,7.98,-54,-12.12,23.93,22.45,True,False
320,etf,XINA11.SA,TREND CHINA CI,8.37,2021-07-27,2021-10-21,86 days,11.85,2022-01-24,0 days,-1.53,0.0,-12.91,12.91,-1.08,86,13.38,-inf,15.56,True,False
321,etf,GOLD11.SA,TREND OURO  CI,10.78,2021-07-02,2021-11-19,140 days,15.02,2021-08-10,167 days,11.42,119.29,76.01,43.28,1.8,-27,3.6,6.84,-13.35,True,False
322,etf,SPXI11.SA,IT NOW SPXI CI,257.66,2020-09-21,2021-12-29,464 days,45.26,2022-01-21,3 days,-0.39,0.65,-0.86,1.5,-1.7,461,45.65,-12.9,9.9,True,False
323,etf,BCHI39.SA,MSCI CHINA  DRN,42.56,2021-07-27,2021-10-21,86 days,12.99,2022-01-24,0 days,-2.21,0.0,-16.99,16.99,-1.06,86,15.19,-inf,17.66,False,False
324,etf,BIAU39.SA,GOLD TRUST  DRN,48.26,2021-07-02,2022-01-05,187 days,13.59,2021-12-08,47 days,1.18,25.13,8.65,16.48,0.56,140,12.41,2.5,8.87,True,False
325,futures,GC=F,Gold Feb 22,1841.7,2021-09-29,2021-11-17,49 days,7.56,2021-12-02,53 days,3.43,108.16,45.43,62.73,0.74,-4,4.12,6.48,-103.11,False,True
326,futures,MGC=F,"Micro Gold Futures,Apr-2022",1841.7,2021-09-29,2021-11-17,49 days,7.58,2021-12-02,53 days,3.43,108.16,45.31,62.86,0.73,-4,4.15,6.48,-103.65,False,True
327,futures,PL=F,Platinum Apr 22,1019.9,2021-09-20,2021-11-15,56 days,17.04,2021-12-15,40 days,12.04,71.43,70.64,0.79,329.68,16,5.0,30.09,31.26,False,True
328,futures,ZC=F,"Corn Futures,Mar-2022",621.0,2020-08-07,2021-05-07,273 days,93.44,2021-09-13,133 days,21.91,48.72,23.45,25.27,0.97,140,71.53,16.48,51.09,False,True
329,futures,ZO=F,"Oat Futures,Mar-2022",631.25,2021-05-28,2021-11-19,175 days,74.74,2022-01-14,10 days,1.61,5.71,2.15,3.56,0.84,165,73.13,16.08,44.32,True,False
330,futures,KE=F,"KC HRW Wheat Futures,Mar-2022",818.0,2021-09-10,2021-11-23,74 days,26.87,2022-01-14,10 days,7.58,13.51,28.22,14.71,2.06,64,19.29,75.84,30.14,False,True
331,futures,ZR=F,"Rough Rice Futures,Mar-2022",1498.0,2021-11-08,2022-01-24,77 days,12.22,2021-12-15,40 days,8.93,51.95,73.11,21.16,3.63,37,3.29,22.33,8.88,False,False
332,futures,ZM=F,"Soybean Meal Futures,Mar-2022",393.9,2021-04-13,2021-05-12,29 days,11.7,2021-10-12,104 days,24.26,358.62,207.31,151.31,1.38,-75,-12.56,23.32,16.74,True,False
333,futures,ZL=F,"Soybean Oil Futures,Mar-2022",61.97,2021-09-20,2021-10-20,30 days,14.32,2021-12-14,41 days,15.63,136.67,109.14,27.52,4.11,-11,-1.31,38.12,11.9,False,True
334,futures,ZS=F,"Soybean Futures,Mar-2022",1403.0,2020-08-10,2021-05-12,275 days,66.25,2021-11-08,77 days,16.7,28.0,25.21,2.79,14.11,198,49.55,21.69,25.02,False,True
335,futures,HE=F,"Lean Hogs Futures,Feb-2022",86.32,2021-09-14,2021-10-01,17 days,13.58,2021-12-08,47 days,19.16,276.47,141.11,135.36,1.05,-30,-5.58,40.77,18.61,False,True
336,futures,LE=F,"Live Cattle Futures,Feb-2022",136.32,2020-10-28,2021-12-29,427 days,29.98,2021-06-01,237 days,17.05,55.5,56.89,1.39,147.24,190,12.92,7.2,6.8,True,False
337,futures,CC=F,Cocoa Mar 22,2493.0,2021-07-19,2021-10-05,78 days,17.91,2021-11-30,55 days,7.75,70.51,43.25,27.27,1.65,23,10.17,14.08,44.2,True,False
338,futures,KC=F,Coffee Mar 22,232.95,2021-09-22,2021-12-06,75 days,32.55,2022-01-03,21 days,3.22,28.0,9.9,18.1,0.58,54,29.33,15.34,54.31,True,False
339,futures,LBS=F,Lumber Mar 22,1098.7,2021-08-19,2022-01-18,152 days,113.15,2021-11-15,70 days,76.17,46.05,67.32,21.26,3.32,82,36.98,108.81,45.1,True,False
340,futures,DX-Y.NYB,US Dollar/USDX - Index - Cash,95.92,2021-01-05,2021-11-24,323 days,7.58,2021-05-25,244 days,6.64,75.54,87.66,12.12,7.89,79,0.94,2.72,1.18,False,True
341,futures,CL=F,Crude Oil Mar 22,83.31,2021-08-23,2022-01-19,149 days,36.13,2021-12-01,54 days,23.78,36.24,65.83,29.59,2.3,95,12.34,44.04,12.99,False,True
342,futures,BZ=F,Brent Crude Oil Last Day Financ,86.27,2021-08-23,2022-01-19,149 days,32.8,2021-12-01,54 days,20.66,36.24,62.98,26.73,2.45,95,12.14,38.25,12.78,False,True
343,futures,GF=F,"Feeder Cattle Futures,Mar-2022",158.48,2021-05-07,2021-11-26,203 days,26.08,2022-01-24,0 days,-1.12,0.0,-4.31,4.31,-1.3,203,27.2,-inf,13.4,True,False
344,futures,HG=F,Copper Mar 22,4.4,2021-08-19,2021-10-20,62 days,15.17,2021-12-15,40 days,3.79,64.52,25.02,39.5,0.65,22,11.37,9.49,51.69,True,False
345,futures,HO=F,Heating Oil Feb 22,2.63,2021-08-23,2022-01-19,149 days,36.68,2021-11-30,55 days,20.54,36.91,55.98,19.07,3.1,94,16.15,37.34,17.18,False,True
346,futures,NG=F,Natural Gas Feb 22,4.03,2021-04-06,2021-10-05,182 days,96.89,2021-12-30,25 days,3.49,13.74,3.6,10.13,0.39,157,93.4,13.96,59.49,False,True
347,futures,NQ=F,Nasdaq 100 Mar 22,14501.0,2021-05-18,2021-11-19,185 days,22.43,2022-01-21,3 days,-2.28,1.62,-10.15,11.77,-0.94,182,24.7,-75.88,13.57,True,False
348,futures,PA=F,Palladium Mar 22,2137.0,2021-09-29,2021-11-17,49 days,17.33,2021-12-15,40 days,29.21,81.63,168.54,86.91,1.96,9,-11.88,73.02,-131.98,False,False
349,futures,RB=F,RBOB Gasoline Feb 22,2.4,2021-09-09,2021-10-26,47 days,16.91,2021-12-01,54 days,19.68,114.89,116.4,1.5,230.66,-7,-2.77,36.45,39.61,False,True
350,futures,RTY=F,E-mini Russell 2000 Index Futur,2031.7,2021-08-19,2021-11-08,81 days,12.89,2022-01-21,3 days,0.56,3.7,4.35,0.65,12.32,78,12.33,18.69,15.81,True,False
351,futures,SB=F,Sugar #11 Mar 22,18.81,2021-09-27,2021-11-17,51 days,7.12,2022-01-13,11 days,2.59,21.57,36.42,14.85,2.63,40,4.53,23.57,11.32,False,True
352,futures,SI=F,Silver Mar 22,23.8,2021-09-29,2021-11-12,44 days,12.67,2021-12-15,40 days,8.81,90.91,69.53,21.38,3.41,4,3.86,22.02,96.52,False,True
353,futures,SIL=F,"Micro Silver Futures,Mar-2022",23.8,2021-09-29,2021-11-12,44 days,12.67,2021-12-15,40 days,8.81,90.91,69.53,21.38,3.41,4,3.86,22.02,96.52,False,True
354,futures,YM=F,Mini Dow Jones Indus.-$5 Mar 22,34253.0,2021-09-30,2022-01-04,96 days,7.05,2022-01-21,3 days,-1.04,3.12,-14.82,17.95,-0.87,93,8.09,-34.83,8.7,False,False
355,futures,ZB=F,"U.S. Treasury Bond Futures,Mar-",155.91,2021-10-11,2021-12-03,53 days,5.0,2022-01-18,6 days,0.37,11.32,7.46,3.86,2.61,47,4.63,6.22,9.85,True,False
356,futures,ZF=F,Five-Year US Treasury Note Futu,119.74,2021-07-13,2021-08-03,21 days,0.67,2022-01-18,6 days,0.19,28.57,28.59,0.02,29.26,15,0.48,3.18,3.18,True,False
357,futures,CT=F,Cotton Mar 22,120.38,2021-09-21,2022-01-19,120 days,33.77,2021-12-20,35 days,11.8,29.17,34.95,5.78,7.31,85,21.97,33.72,25.85,False,True
358,futures,ES=F,E-Mini S&P 500 Mar 22,4403.75,2020-11-03,2022-01-03,426 days,38.18,2022-01-21,3 days,-1.58,0.7,-4.14,4.84,-1.08,423,39.76,-52.69,9.4,False,False
359,futures,ZN=F,"10-Year T-Note Futures,Mar-2022",128.52,2021-03-31,2021-08-02,124 days,2.89,2022-01-18,6 days,0.26,4.84,8.97,4.13,2.86,118,2.63,4.32,2.23,True,False
360,futures,ZT=F,"2-Year T-Note Futures,Mar-2022",108.7,2021-08-24,2021-09-03,10 days,0.07,2022-01-20,4 days,0.15,40.0,218.46,178.46,1.23,6,-0.08,3.87,-1.4,True,False
361,futures,BTC=F,"Bitcoin Futures,Jan-2022",37220.0,2021-09-29,2021-11-09,41 days,51.3,2022-01-24,0 days,-2.51,0.0,-4.9,4.9,-1.26,41,53.82,-inf,131.26,True,False
